{"is_source_file": true, "format": "Python", "description": "This file sets up a basic FastAPI application with CORS middleware enabled and includes a health check endpoint.", "external_files": ["fastapi", "fastapi.middleware.cors"], "external_methods": ["FastAPI", "CORSMiddleware"], "published": ["app"], "classes": [], "methods": [{"name": "health_check()", "description": "A simple endpoint to verify the service is running and healthy.", "scope": "", "scopeKind": ""}], "calls": ["FastAPI()", "app.add_middleware(CORSMiddleware, allow_origins=[\"*\"], allow_credentials=True, allow_methods=[\"*\"], allow_headers=[\"*\"])", "app.get(\"/\")"], "search-terms": ["FastAPI", "CORS middleware", "health check endpoint", "main.py"], "state": 2, "file_id": 2, "knowledge_revision": 9, "git_revision": "fafccdf1150a5ea4585fdb75c9476cce46828da9", "ctags": [{"_type": "tag", "name": "app", "path": "/home/kavia/workspace/code-generation/simple-to-do-list-201566-201586/todo_backend/src/api/main.py", "pattern": "/^app = FastAPI()$/", "language": "Python", "kind": "variable"}, {"_type": "tag", "name": "health_check", "path": "/home/kavia/workspace/code-generation/simple-to-do-list-201566-201586/todo_backend/src/api/main.py", "pattern": "/^def health_check():$/", "language": "Python", "kind": "function", "signature": "()"}], "hash": "58352bf5f133908bab16643199aa483d", "format-version": 4, "code-base-name": "todo_backend", "filename": "todo_backend/src/api/main.py", "fields": [{"name": "app = FastAPI()", "scope": "", "scopeKind": "", "description": "unavailable"}], "revision_history": [{"9": "fafccdf1150a5ea4585fdb75c9476cce46828da9"}]}