{"is_source_file": true, "format": "Python", "description": "This file generates the OpenAPI schema from the Flask (or FastAPI) application instance and writes it to a JSON file in the 'interfaces' directory.", "external_files": ["json", "os", "src.api.main"], "external_methods": ["app.openapi()"], "published": [], "classes": [], "methods": [], "calls": ["app.openapi()", "os.makedirs", "os.path.join", "json.dump"], "search-terms": ["generate_openapi", "openapi_schema", "interfaces", "openapi.json", "app.openapi"], "state": 2, "file_id": 4, "knowledge_revision": 8, "git_revision": "fafccdf1150a5ea4585fdb75c9476cce46828da9", "ctags": [{"_type": "tag", "name": "openapi_schema", "path": "/home/kavia/workspace/code-generation/simple-to-do-list-201566-201586/todo_backend/src/api/generate_openapi.py", "pattern": "/^openapi_schema = app.openapi()$/", "language": "Python", "kind": "variable"}, {"_type": "tag", "name": "output_dir", "path": "/home/kavia/workspace/code-generation/simple-to-do-list-201566-201586/todo_backend/src/api/generate_openapi.py", "pattern": "/^output_dir = \"interfaces\"$/", "language": "Python", "kind": "variable"}, {"_type": "tag", "name": "output_path", "path": "/home/kavia/workspace/code-generation/simple-to-do-list-201566-201586/todo_backend/src/api/generate_openapi.py", "pattern": "/^output_path = os.path.join(output_dir, \"openapi.json\")$/", "language": "Python", "kind": "variable"}], "hash": "61e3715e79bc397fab3e70f503a41417", "format-version": 4, "code-base-name": "todo_backend", "filename": "todo_backend/src/api/generate_openapi.py", "fields": [{"name": "openapi_schema = app.openapi()", "scope": "", "scopeKind": "", "description": "unavailable"}, {"name": "output_dir = \"interfaces\"", "scope": "", "scopeKind": "", "description": "unavailable"}, {"name": "output_path = os.path.join(output_dir, \"openapi.json\")", "scope": "", "scopeKind": "", "description": "unavailable"}], "revision_history": [{"8": "fafccdf1150a5ea4585fdb75c9476cce46828da9"}]}